step,seqkd_generation_source,opd_generation_source,seqkd::compare/benchmark/challenge_bleu,opd::compare/benchmark/challenge_bleu,delta_opd_minus_seqkd::compare/benchmark/challenge_bleu,seqkd::compare/benchmark/challenge_chrf,opd::compare/benchmark/challenge_chrf,delta_opd_minus_seqkd::compare/benchmark/challenge_chrf,seqkd::compare/benchmark/flores_bleu,opd::compare/benchmark/flores_bleu,delta_opd_minus_seqkd::compare/benchmark/flores_bleu,seqkd::compare/benchmark/flores_chrf,opd::compare/benchmark/flores_chrf,delta_opd_minus_seqkd::compare/benchmark/flores_chrf,seqkd::compare/benchmark/macro_bleu,opd::compare/benchmark/macro_bleu,delta_opd_minus_seqkd::compare/benchmark/macro_bleu,seqkd::compare/benchmark/macro_chrf,opd::compare/benchmark/macro_chrf,delta_opd_minus_seqkd::compare/benchmark/macro_chrf,seqkd::compare/benchmark/wmt24_bleu,opd::compare/benchmark/wmt24_bleu,delta_opd_minus_seqkd::compare/benchmark/wmt24_bleu,seqkd::compare/benchmark/wmt24_chrf,opd::compare/benchmark/wmt24_chrf,delta_opd_minus_seqkd::compare/benchmark/wmt24_chrf,seqkd::compare/train_probe/teacher_bleu,opd::compare/train_probe/teacher_bleu,delta_opd_minus_seqkd::compare/train_probe/teacher_bleu,seqkd::compare/train_probe/teacher_chrf,opd::compare/train_probe/teacher_chrf,delta_opd_minus_seqkd::compare/train_probe/teacher_chrf
0,/workspace/mtpatcher/runs/science/pe_pds_v1/pds9952_retrospective_v1/seqkd_native_persistent_v1/generations/0.jsonl,/workspace/mtpatcher/runs/science/pe_pds_v1/pds9952_retrospective_v1/opd/generations/0.jsonl,19.316204071044922,19.316204071044922,0.0,49.50165557861328,49.50165557861328,0.0,21.641948699951172,21.641948699951172,0.0,52.83940505981445,52.83940505981445,0.0,19.319713592529297,19.319713592529297,0.0,49.97929382324219,49.97929382324219,0.0,17.00098991394043,17.00098991394043,0.0,47.59681701660156,47.59681701660156,0.0,47.39811325073242,47.39811325073242,0.0,70.42254638671875,70.42254638671875,0.0
100,/workspace/mtpatcher/runs/science/pe_pds_v1/pds9952_retrospective_v1/seqkd_native_persistent_v1/generations/100.jsonl,/workspace/mtpatcher/runs/science/pe_pds_v1/pds9952_retrospective_v1/opd/generations/100.jsonl,18.643966674804688,18.864030838012695,0.2200641632080078,48.67361831665039,48.98484420776367,0.31122589111328125,21.931467056274414,21.56580924987793,-0.3656578063964844,52.84726333618164,52.970523834228516,0.123260498046875,19.282854080200195,19.12232208251953,-0.16053199768066406,49.61178970336914,49.78010559082031,0.16831588745117188,17.27313232421875,16.937122344970703,-0.3360099792480469,47.31448745727539,47.38494873046875,0.07046127319335938,46.37735366821289,47.06999588012695,0.6926422119140625,69.44361114501953,70.23883056640625,0.7952194213867188
200,/workspace/mtpatcher/runs/science/pe_pds_v1/pds9952_retrospective_v1/seqkd_native_persistent_v1/generations/200.jsonl,/workspace/mtpatcher/runs/science/pe_pds_v1/pds9952_retrospective_v1/opd/generations/200.jsonl,18.623703002929688,18.94379234313965,0.32008934020996094,48.59648895263672,49.36854934692383,0.7720603942871094,21.846315383911133,21.398170471191406,-0.44814491271972656,52.85555648803711,52.896915435791016,0.04135894775390625,19.06370735168457,19.05837059020996,-0.005336761474609375,49.59852600097656,49.89154052734375,0.2930145263671875,16.72110366821289,16.833145141601562,0.11204147338867188,47.343528747558594,47.409156799316406,0.0656280517578125,45.551483154296875,46.644901275634766,1.0934181213378906,69.10456085205078,70.12158203125,1.0170211791992188
300,/workspace/mtpatcher/runs/science/pe_pds_v1/pds9952_retrospective_v1/seqkd_native_persistent_v1/generations/300.jsonl,/workspace/mtpatcher/runs/science/pe_pds_v1/pds9952_retrospective_v1/opd/generations/300.jsonl,18.856813430786133,18.809659957885742,-0.047153472900390625,48.90583801269531,49.07205581665039,0.16621780395507812,21.959890365600586,21.679189682006836,-0.28070068359375,52.99265670776367,52.95558547973633,-0.03707122802734375,19.198925018310547,19.098316192626953,-0.10060882568359375,49.6821174621582,49.820411682128906,0.13829421997070312,16.780073165893555,16.806100845336914,0.026027679443359375,47.14786148071289,47.43359375,0.2857322692871094,45.74402618408203,46.53581619262695,0.7917900085449219,69.09549713134766,69.8481216430664,0.75262451171875
400,/workspace/mtpatcher/runs/science/pe_pds_v1/pds9952_retrospective_v1/seqkd_native_persistent_v1/generations/400.jsonl,/workspace/mtpatcher/runs/science/pe_pds_v1/pds9952_retrospective_v1/opd/generations/400.jsonl,18.668701171875,19.114330291748047,0.4456291198730469,49.185935974121094,49.22660827636719,0.04067230224609375,21.64668846130371,21.902976989746094,0.2562885284423828,53.07468032836914,53.10801315307617,0.03333282470703125,19.097009658813477,19.335620880126953,0.23861122131347656,49.85599899291992,49.9539680480957,0.09796905517578125,16.97564125061035,16.989553451538086,0.013912200927734375,47.30738067626953,47.527286529541016,0.21990585327148438,46.35139083862305,46.74164962768555,0.3902587890625,69.6661376953125,69.92642211914062,0.260284423828125
500,/workspace/mtpatcher/runs/science/pe_pds_v1/pds9952_retrospective_v1/seqkd_native_persistent_v1/generations/500.jsonl,/workspace/mtpatcher/runs/science/pe_pds_v1/pds9952_retrospective_v1/opd/generations/500.jsonl,18.930034637451172,18.94999122619629,0.019956588745117188,48.78114318847656,49.222862243652344,0.44171905517578125,21.8149471282959,21.7819881439209,-0.032958984375,52.943397521972656,53.134010314941406,0.19061279296875,19.318527221679688,19.204452514648438,-0.11407470703125,49.65448760986328,49.94609832763672,0.2916107177734375,17.210599899291992,16.881380081176758,-0.3292198181152344,47.238922119140625,47.48143005371094,0.2425079345703125,46.00339889526367,46.9366569519043,0.933258056640625,69.44131469726562,70.08551025390625,0.644195556640625
600,/workspace/mtpatcher/runs/science/pe_pds_v1/pds9952_retrospective_v1/seqkd_native_persistent_v1/generations/600.jsonl,/workspace/mtpatcher/runs/science/pe_pds_v1/pds9952_retrospective_v1/opd/generations/600.jsonl,19.039438247680664,18.894329071044922,-0.1451091766357422,49.400665283203125,48.79291534423828,-0.6077499389648438,21.99998664855957,21.85196876525879,-0.14801788330078125,53.11652755737305,53.143150329589844,0.026622772216796875,19.3883056640625,19.273086547851562,-0.1152191162109375,49.96149826049805,49.80519485473633,-0.15630340576171875,17.125490188598633,17.07296371459961,-0.05252647399902344,47.36730194091797,47.47951889038086,0.11221694946289062,46.63250732421875,46.60853576660156,-0.0239715576171875,70.03130340576172,69.89459228515625,-0.13671112060546875
700,/workspace/mtpatcher/runs/science/pe_pds_v1/pds9952_retrospective_v1/seqkd_native_persistent_v1/generations/700.jsonl,/workspace/mtpatcher/runs/science/pe_pds_v1/pds9952_retrospective_v1/opd/generations/700.jsonl,19.526369094848633,18.971561431884766,-0.5548076629638672,49.21226501464844,48.94213104248047,-0.27013397216796875,21.876773834228516,21.716915130615234,-0.15985870361328125,53.105491638183594,53.15756607055664,0.052074432373046875,19.44355010986328,19.225414276123047,-0.21813583374023438,49.918235778808594,49.91877365112305,0.000537872314453125,16.927509307861328,16.98776626586914,0.0602569580078125,47.436946868896484,47.656620025634766,0.21967315673828125,46.52837371826172,46.874576568603516,0.3462028503417969,69.88121032714844,70.07374572753906,0.192535400390625
800,/workspace/mtpatcher/runs/science/pe_pds_v1/pds9952_retrospective_v1/seqkd_native_persistent_v1/generations/800.jsonl,/workspace/mtpatcher/runs/science/pe_pds_v1/pds9952_retrospective_v1/opd/generations/800.jsonl,18.71746826171875,19.160215377807617,0.4427471160888672,49.52394485473633,49.376792907714844,-0.14715194702148438,21.484935760498047,22.12063980102539,0.6357040405273438,53.09316635131836,53.155391693115234,0.062225341796875,19.040485382080078,19.42637825012207,0.3858928680419922,50.116355895996094,50.055816650390625,-0.06053924560546875,16.919050216674805,16.998281478881836,0.07923126220703125,47.731956481933594,47.6352653503418,-0.09669113159179688,46.72285461425781,46.96245193481445,0.23959732055664062,70.38072967529297,70.16606140136719,-0.21466827392578125
900,/workspace/mtpatcher/runs/science/pe_pds_v1/pds9952_retrospective_v1/seqkd_native_persistent_v1/generations/900.jsonl,/workspace/mtpatcher/runs/science/pe_pds_v1/pds9952_retrospective_v1/opd/generations/900.jsonl,19.532655715942383,18.737350463867188,-0.7953052520751953,49.57905197143555,49.228515625,-0.3505363464355469,21.99700927734375,21.699913024902344,-0.29709625244140625,53.342227935791016,53.214195251464844,-0.12803268432617188,19.559864044189453,19.15386199951172,-0.4060020446777344,50.15814208984375,50.01451110839844,-0.1436309814453125,17.149925231933594,17.024324417114258,-0.12560081481933594,47.553138732910156,47.6008186340332,0.047679901123046875,46.64862823486328,47.29613494873047,0.6475067138671875,69.9891586303711,70.39997863769531,0.41082000732421875
1000,/workspace/mtpatcher/runs/science/pe_pds_v1/pds9952_retrospective_v1/seqkd_native_persistent_v1/generations/1000.jsonl,/workspace/mtpatcher/runs/science/pe_pds_v1/pds9952_retrospective_v1/opd/generations/1000.jsonl,19.079036712646484,19.14470863342285,0.06567192077636719,49.13448715209961,49.27179718017578,0.13731002807617188,22.081796646118164,22.126953125,0.04515647888183594,53.23240661621094,53.253997802734375,0.0215911865234375,19.418853759765625,19.48772430419922,0.06887054443359375,49.86700439453125,50.06315612792969,0.1961517333984375,17.095727920532227,17.191513061523438,0.09578514099121094,47.2341194152832,47.663673400878906,0.4295539855957031,46.99057388305664,47.27324676513672,0.2826728820800781,70.15133666992188,70.3851089477539,0.23377227783203125
1100,/workspace/mtpatcher/runs/science/pe_pds_v1/pds9952_retrospective_v1/seqkd_native_persistent_v1/generations/1100.jsonl,/workspace/mtpatcher/runs/science/pe_pds_v1/pds9952_retrospective_v1/opd/generations/1100.jsonl,19.457660675048828,19.374927520751953,-0.082733154296875,49.35643768310547,49.49370193481445,0.13726425170898438,21.873634338378906,21.743139266967773,-0.1304950714111328,53.11818313598633,53.19076156616211,0.07257843017578125,19.477642059326172,19.308208465576172,-0.16943359375,49.93042755126953,50.12485122680664,0.19442367553710938,17.10163116455078,16.80655860900879,-0.2950725555419922,47.31666564941406,47.690093994140625,0.3734283447265625,47.29164505004883,47.1518440246582,-0.139801025390625,70.3384780883789,70.29339599609375,-0.04508209228515625
1200,/workspace/mtpatcher/runs/science/pe_pds_v1/pds9952_retrospective_v1/seqkd_native_persistent_v1/generations/1200.jsonl,/workspace/mtpatcher/runs/science/pe_pds_v1/pds9952_retrospective_v1/opd/generations/1200.jsonl,19.206300735473633,18.999921798706055,-0.20637893676757812,49.603878021240234,49.05228805541992,-0.5515899658203125,21.85837173461914,22.00275421142578,0.14438247680664062,53.247398376464844,53.24850845336914,0.001110076904296875,19.294626235961914,19.34627914428711,0.05165290832519531,49.96678161621094,50.00847625732422,0.04169464111328125,16.819204330444336,17.036163330078125,0.21695899963378906,47.049068450927734,47.72462844848633,0.6755599975585938,47.19712448120117,47.5301513671875,0.3330268859863281,70.29975891113281,70.5445327758789,0.24477386474609375
1300,/workspace/mtpatcher/runs/science/pe_pds_v1/pds9952_retrospective_v1/seqkd_native_persistent_v1/generations/1300.jsonl,/workspace/mtpatcher/runs/science/pe_pds_v1/pds9952_retrospective_v1/opd/generations/1300.jsonl,19.132652282714844,19.30519676208496,0.1725444793701172,49.17698669433594,49.177513122558594,0.00052642822265625,22.096315383911133,22.004762649536133,-0.091552734375,53.27311325073242,53.24728775024414,-0.02582550048828125,19.362281799316406,19.4773006439209,0.11501884460449219,49.88131332397461,50.03541946411133,0.15410614013671875,16.857879638671875,17.121946334838867,0.2640666961669922,47.193843841552734,47.681461334228516,0.48761749267578125,47.05406951904297,47.47602844238281,0.42195892333984375,70.1737060546875,70.50559997558594,0.3318939208984375
1400,/workspace/mtpatcher/runs/science/pe_pds_v1/pds9952_retrospective_v1/seqkd_native_persistent_v1/generations/1400.jsonl,/workspace/mtpatcher/runs/science/pe_pds_v1/pds9952_retrospective_v1/opd/generations/1400.jsonl,19.052461624145508,19.121625900268555,0.06916427612304688,49.129295349121094,49.466712951660156,0.3374176025390625,21.836185455322266,21.501358032226562,-0.3348274230957031,53.06793975830078,53.349239349365234,0.2812995910644531,19.32048988342285,19.21079444885254,-0.1096954345703125,49.91293716430664,50.18979263305664,0.27685546875,17.07282066345215,17.009397506713867,-0.06342315673828125,47.54157638549805,47.7534294128418,0.21185302734375,47.02284240722656,47.3006591796875,0.2778167724609375,70.21159362792969,70.50707244873047,0.29547882080078125
1500,/workspace/mtpatcher/runs/science/pe_pds_v1/pds9952_retrospective_v1/seqkd_native_persistent_v1/generations/1500.jsonl,/workspace/mtpatcher/runs/science/pe_pds_v1/pds9952_retrospective_v1/opd/generations/1500.jsonl,19.805788040161133,19.12081527709961,-0.6849727630615234,49.63004684448242,49.05065155029297,-0.5793952941894531,21.73573112487793,21.83237075805664,0.09663963317871094,53.035484313964844,53.31145095825195,0.2759666442871094,19.50605010986328,19.328887939453125,-0.17716217041015625,50.04815673828125,50.009765625,-0.03839111328125,16.97662925720215,17.033477783203125,0.05684852600097656,47.47893142700195,47.667198181152344,0.18826675415039062,47.21150588989258,47.455535888671875,0.24402999877929688,70.36316680908203,70.52545928955078,0.16229248046875
1600,/workspace/mtpatcher/runs/science/pe_pds_v1/pds9952_retrospective_v1/seqkd_native_persistent_v1/generations/1600.jsonl,/workspace/mtpatcher/runs/science/pe_pds_v1/pds9952_retrospective_v1/opd/generations/1600.jsonl,19.34916877746582,18.902463912963867,-0.4467048645019531,49.809791564941406,49.70682144165039,-0.10297012329101562,21.802337646484375,21.454570770263672,-0.3477668762207031,53.07969665527344,53.2292366027832,0.14953994750976562,19.339502334594727,19.05524253845215,-0.2842597961425781,50.1090087890625,50.18613052368164,0.07712173461914062,16.867002487182617,16.808692932128906,-0.05830955505371094,47.43754196166992,47.62232971191406,0.18478775024414062,47.4034538269043,47.2461051940918,-0.1573486328125,70.59481048583984,70.56239318847656,-0.03241729736328125
1700,/workspace/mtpatcher/runs/science/pe_pds_v1/pds9952_retrospective_v1/seqkd_native_persistent_v1/generations/1700.jsonl,/workspace/mtpatcher/runs/science/pe_pds_v1/pds9952_retrospective_v1/opd/generations/1700.jsonl,19.21875762939453,19.63572120666504,0.4169635772705078,49.2995719909668,49.59083938598633,0.29126739501953125,21.769651412963867,21.870019912719727,0.10036849975585938,53.09190368652344,53.34196472167969,0.25006103515625,19.331100463867188,19.521106719970703,0.19000625610351562,49.966407775878906,50.19672393798828,0.230316162109375,17.004894256591797,17.057579040527344,0.052684783935546875,47.50775146484375,47.65736770629883,0.14961624145507812,47.15826416015625,47.408233642578125,0.249969482421875,70.45289611816406,70.52914428710938,0.0762481689453125
1800,/workspace/mtpatcher/runs/science/pe_pds_v1/pds9952_retrospective_v1/seqkd_native_persistent_v1/generations/1800.jsonl,/workspace/mtpatcher/runs/science/pe_pds_v1/pds9952_retrospective_v1/opd/generations/1800.jsonl,19.45741844177246,19.164688110351562,-0.29273033142089844,49.878177642822266,49.22931671142578,-0.6488609313964844,21.863576889038086,22.162391662597656,0.2988147735595703,53.10628128051758,53.38616943359375,0.2798881530761719,19.446809768676758,19.454404830932617,0.007595062255859375,50.105159759521484,50.10963439941406,0.004474639892578125,17.019433975219727,17.036136627197266,0.016702651977539062,47.33101272583008,47.71341323852539,0.3824005126953125,47.41323471069336,47.47138214111328,0.058147430419921875,70.4648666381836,70.47858428955078,0.0137176513671875
1900,/workspace/mtpatcher/runs/science/pe_pds_v1/pds9952_retrospective_v1/seqkd_native_persistent_v1/generations/1900.jsonl,/workspace/mtpatcher/runs/science/pe_pds_v1/pds9952_retrospective_v1/opd/generations/1900.jsonl,19.4030818939209,19.123506546020508,-0.2795753479003906,49.35908126831055,49.39630126953125,0.037220001220703125,21.510591506958008,22.06657600402832,0.5559844970703125,52.88935470581055,53.40347671508789,0.5141220092773438,19.339942932128906,19.41743278503418,0.07748985290527344,49.88750076293945,50.17687225341797,0.2893714904785156,17.106157302856445,17.062217712402344,-0.04393959045410156,47.41407012939453,47.7308349609375,0.31676483154296875,47.03407669067383,47.478885650634766,0.4448089599609375,70.33866119384766,70.67235565185547,0.3336944580078125
2000,/workspace/mtpatcher/runs/science/pe_pds_v1/pds9952_retrospective_v1/seqkd_native_persistent_v1/generations/2000.jsonl,/workspace/mtpatcher/runs/science/pe_pds_v1/pds9952_retrospective_v1/opd/generations/2000.jsonl,19.787887573242188,18.719688415527344,-1.0681991577148438,49.344058990478516,49.172698974609375,-0.17136001586914062,21.56239128112793,21.927780151367188,0.3653888702392578,52.87554931640625,53.231082916259766,0.3555335998535156,19.452268600463867,19.24250030517578,-0.20976829528808594,49.84244155883789,50.03114700317383,0.1887054443359375,17.00652503967285,17.08003044128418,0.07350540161132812,47.30771255493164,47.68966293334961,0.38195037841796875,46.96168518066406,47.47382736206055,0.5121421813964844,70.22681427001953,70.620849609375,0.39403533935546875
2100,/workspace/mtpatcher/runs/science/pe_pds_v1/pds9952_retrospective_v1/seqkd_native_persistent_v1/generations/2100.jsonl,/workspace/mtpatcher/runs/science/pe_pds_v1/pds9952_retrospective_v1/opd/generations/2100.jsonl,19.51015281677246,19.42283058166504,-0.08732223510742188,49.32071304321289,49.01081085205078,-0.3099021911621094,21.645343780517578,22.161352157592773,0.5160083770751953,53.005977630615234,53.341064453125,0.3350868225097656,19.376049041748047,19.52640724182129,0.1503582000732422,49.91698455810547,49.96345138549805,0.046466827392578125,16.9726505279541,16.995038986206055,0.022388458251953125,47.424259185791016,47.538475036621094,0.11421585083007812,47.14784622192383,47.66972732543945,0.521881103515625,70.38923645019531,70.67268371582031,0.283447265625
2200,/workspace/mtpatcher/runs/science/pe_pds_v1/pds9952_retrospective_v1/seqkd_native_persistent_v1/generations/2200.jsonl,/workspace/mtpatcher/runs/science/pe_pds_v1/pds9952_retrospective_v1/opd/generations/2200.jsonl,19.431032180786133,19.289505004882812,-0.1415271759033203,49.44347381591797,49.17018127441406,-0.27329254150390625,21.931640625,22.012117385864258,0.08047676086425781,52.90336990356445,53.232383728027344,0.3290138244628906,19.44145965576172,19.404788970947266,-0.036670684814453125,49.93633270263672,49.99168014526367,0.055347442626953125,16.961702346801758,16.91274642944336,-0.04895591735839844,47.462158203125,47.572471618652344,0.11031341552734375,47.085235595703125,47.546905517578125,0.461669921875,70.26162719726562,70.5744857788086,0.31285858154296875
2300,/workspace/mtpatcher/runs/science/pe_pds_v1/pds9952_retrospective_v1/seqkd_native_persistent_v1/generations/2300.jsonl,/workspace/mtpatcher/runs/science/pe_pds_v1/pds9952_retrospective_v1/opd/generations/2300.jsonl,19.720849990844727,19.298168182373047,-0.4226818084716797,49.89107894897461,49.4713134765625,-0.4197654724121094,21.687633514404297,22.068058013916016,0.38042449951171875,53.01862335205078,53.27220916748047,0.2535858154296875,19.422775268554688,19.510967254638672,0.08819198608398438,50.11797332763672,50.1278190612793,0.009845733642578125,16.859840393066406,17.166677474975586,0.3068370819091797,47.444217681884766,47.63993453979492,0.19571685791015625,47.18812561035156,47.365867614746094,0.17774200439453125,70.46221160888672,70.39823913574219,-0.06397247314453125
2400,/workspace/mtpatcher/runs/science/pe_pds_v1/pds9952_retrospective_v1/seqkd_native_persistent_v1/generations/2400.jsonl,/workspace/mtpatcher/runs/science/pe_pds_v1/pds9952_retrospective_v1/opd/generations/2400.jsonl,19.489120483398438,19.221614837646484,-0.2675056457519531,49.67996597290039,49.16606521606445,-0.5139007568359375,21.63637924194336,22.020675659179688,0.3842964172363281,52.96102523803711,53.273170471191406,0.3121452331542969,19.28605842590332,19.47442626953125,0.1883678436279297,49.984554290771484,50.08367156982422,0.09911727905273438,16.73267364501953,17.180988311767578,0.4483146667480469,47.31267166137695,47.81178283691406,0.4991111755371094,47.03349304199219,47.71005630493164,0.6765632629394531,70.22679901123047,70.84754180908203,0.6207427978515625
2500,/workspace/mtpatcher/runs/science/pe_pds_v1/pds9952_retrospective_v1/seqkd_native_persistent_v1/generations/2500.jsonl,/workspace/mtpatcher/runs/science/pe_pds_v1/pds9952_retrospective_v1/opd/generations/2500.jsonl,19.7757625579834,19.11397933959961,-0.6617832183837891,49.784454345703125,48.90580749511719,-0.8786468505859375,21.768686294555664,22.056753158569336,0.2880668640136719,52.948482513427734,53.41844177246094,0.4699592590332031,19.476194381713867,19.427053451538086,-0.04914093017578125,49.961177825927734,50.0509147644043,0.0897369384765625,16.884136199951172,17.110429763793945,0.22629356384277344,47.15060043334961,47.828495025634766,0.6778945922851562,47.264183044433594,47.45051574707031,0.18633270263671875,70.41714477539062,70.77888488769531,0.3617401123046875
2600,/workspace/mtpatcher/runs/science/pe_pds_v1/pds9952_retrospective_v1/seqkd_native_persistent_v1/generations/2600.jsonl,/workspace/mtpatcher/runs/science/pe_pds_v1/pds9952_retrospective_v1/opd/generations/2600.jsonl,19.649742126464844,19.367643356323242,-0.28209877014160156,49.867042541503906,48.72185134887695,-1.1451911926269531,21.929235458374023,22.139768600463867,0.21053314208984375,52.995521545410156,53.32765197753906,0.33213043212890625,19.451213836669922,19.617263793945312,0.16604995727539062,50.002906799316406,49.939613342285156,-0.06329345703125,16.774662017822266,17.344379425048828,0.5697174072265625,47.14615249633789,47.76933670043945,0.6231842041015625,46.98318862915039,47.72722244262695,0.7440338134765625,70.34001159667969,70.71533966064453,0.37532806396484375
2700,/workspace/mtpatcher/runs/science/pe_pds_v1/pds9952_retrospective_v1/seqkd_native_persistent_v1/generations/2700.jsonl,/workspace/mtpatcher/runs/science/pe_pds_v1/pds9952_retrospective_v1/opd/generations/2700.jsonl,19.563383102416992,19.394941329956055,-0.1684417724609375,49.691375732421875,49.15380859375,-0.537567138671875,21.61929702758789,22.07691764831543,0.45762062072753906,52.79893493652344,53.34789276123047,0.5489578247070312,19.360994338989258,19.541404724121094,0.18041038513183594,49.874176025390625,50.08882141113281,0.2146453857421875,16.90030288696289,17.15235137939453,0.2520484924316406,47.1322135925293,47.76475524902344,0.6325416564941406,46.834720611572266,48.184165954589844,1.3494453430175781,70.17475128173828,70.95346069335938,0.7787094116210938
2800,/workspace/mtpatcher/runs/science/pe_pds_v1/pds9952_retrospective_v1/seqkd_native_persistent_v1/generations/2800.jsonl,/workspace/mtpatcher/runs/science/pe_pds_v1/pds9952_retrospective_v1/opd/generations/2800.jsonl,19.664167404174805,19.02947998046875,-0.6346874237060547,49.99248123168945,49.077842712402344,-0.9146385192871094,21.79376792907715,22.128273010253906,0.3345050811767578,52.90962219238281,53.38639450073242,0.4767723083496094,19.444969177246094,19.395029067993164,-0.04994010925292969,50.004878997802734,50.043731689453125,0.038852691650390625,16.876972198486328,17.027332305908203,0.150360107421875,47.1125373840332,47.666961669921875,0.5544242858886719,47.16657638549805,48.3383903503418,1.17181396484375,70.3305435180664,71.11199951171875,0.7814559936523438
2900,/workspace/mtpatcher/runs/science/pe_pds_v1/pds9952_retrospective_v1/seqkd_native_persistent_v1/generations/2900.jsonl,/workspace/mtpatcher/runs/science/pe_pds_v1/pds9952_retrospective_v1/opd/generations/2900.jsonl,19.55718421936035,19.45171546936035,-0.10546875,49.74980545043945,49.2591552734375,-0.4906501770019531,21.910917282104492,21.92649269104004,0.015575408935546875,52.970458984375,53.22429656982422,0.25383758544921875,19.4555606842041,19.451181411743164,-0.0043792724609375,50.029083251953125,50.014305114746094,-0.01477813720703125,16.898578643798828,16.975332260131836,0.07675361633300781,47.36697769165039,47.55946731567383,0.1924896240234375,46.835262298583984,47.97157287597656,1.1363105773925781,70.1687240600586,70.82842254638672,0.659698486328125
3000,/workspace/mtpatcher/runs/science/pe_pds_v1/pds9952_retrospective_v1/seqkd_native_persistent_v1/generations/3000.jsonl,/workspace/mtpatcher/runs/science/pe_pds_v1/pds9952_retrospective_v1/opd/generations/3000.jsonl,19.676803588867188,19.203929901123047,-0.4728736877441406,49.67751693725586,49.3976936340332,-0.27982330322265625,21.832239151000977,22.014427185058594,0.1821880340576172,52.94649124145508,53.3980712890625,0.4515800476074219,19.459081649780273,19.433902740478516,-0.025178909301757812,49.903480529785156,50.143680572509766,0.24020004272460938,16.86820411682129,17.083351135253906,0.2151470184326172,47.08643341064453,47.63527297973633,0.5488395690917969,46.85924530029297,47.95194625854492,1.0927009582519531,70.16362762451172,70.87517547607422,0.7115478515625
3100,/workspace/mtpatcher/runs/science/pe_pds_v1/pds9952_retrospective_v1/seqkd_native_persistent_v1/generations/3100.jsonl,/workspace/mtpatcher/runs/science/pe_pds_v1/pds9952_retrospective_v1/opd/generations/3100.jsonl,19.609464645385742,19.36187171936035,-0.24759292602539062,49.674137115478516,49.820858001708984,0.14672088623046875,21.74570655822754,21.738296508789062,-0.0074100494384765625,52.83213806152344,53.07980728149414,0.24766921997070312,19.394933700561523,19.38043975830078,-0.014493942260742188,49.869483947753906,50.1805305480957,0.3110466003417969,16.829627990722656,17.041152954101562,0.21152496337890625,47.1021728515625,47.64093017578125,0.53875732421875,46.9156379699707,47.910736083984375,0.9950981140136719,70.15118408203125,70.880859375,0.72967529296875
3200,/workspace/mtpatcher/runs/science/pe_pds_v1/pds9952_retrospective_v1/seqkd_native_persistent_v1/generations/3200.jsonl,/workspace/mtpatcher/runs/science/pe_pds_v1/pds9952_retrospective_v1/opd/generations/3200.jsonl,19.6738338470459,19.612653732299805,-0.06118011474609375,49.75606155395508,49.58476638793945,-0.171295166015625,21.800819396972656,22.023117065429688,0.22229766845703125,52.9216194152832,53.29414749145508,0.372528076171875,19.419803619384766,19.507610321044922,0.08780670166015625,49.91608428955078,50.15776062011719,0.24167633056640625,16.784753799438477,16.887060165405273,0.10230636596679688,47.07057571411133,47.5943717956543,0.5237960815429688,46.967872619628906,48.262020111083984,1.2941474914550781,70.25447082519531,70.97368621826172,0.7192153930664062
3300,/workspace/mtpatcher/runs/science/pe_pds_v1/pds9952_retrospective_v1/seqkd_native_persistent_v1/generations/3300.jsonl,/workspace/mtpatcher/runs/science/pe_pds_v1/pds9952_retrospective_v1/opd/generations/3300.jsonl,19.625503540039062,18.929903030395508,-0.6956005096435547,49.59377670288086,48.69896697998047,-0.8948097229003906,21.750377655029297,22.208417892456055,0.4580402374267578,52.89263153076172,53.221473693847656,0.3288421630859375,19.410140991210938,19.429975509643555,0.019834518432617188,49.94989776611328,49.85965347290039,-0.09024429321289062,16.854543685913086,17.1516056060791,0.2970619201660156,47.363285064697266,47.65852355957031,0.2952384948730469,46.986366271972656,48.003910064697266,1.0175437927246094,70.26377868652344,70.847412109375,0.5836334228515625
3400,/workspace/mtpatcher/runs/science/pe_pds_v1/pds9952_retrospective_v1/seqkd_native_persistent_v1/generations/3400.jsonl,/workspace/mtpatcher/runs/science/pe_pds_v1/pds9952_retrospective_v1/opd/generations/3400.jsonl,19.462480545043945,19.369272232055664,-0.09320831298828125,49.60371017456055,49.455711364746094,-0.14799880981445312,21.68844223022461,21.926332473754883,0.23789024353027344,52.80087661743164,53.1944580078125,0.3935813903808594,19.31891441345215,19.45901107788086,0.14009666442871094,49.82115173339844,50.14356231689453,0.32241058349609375,16.80582046508789,17.08142852783203,0.2756080627441406,47.05886459350586,47.78052520751953,0.7216606140136719,46.83974838256836,47.84688186645508,1.0071334838867188,70.16141510009766,70.8019790649414,0.64056396484375
3500,/workspace/mtpatcher/runs/science/pe_pds_v1/pds9952_retrospective_v1/seqkd_native_persistent_v1/generations/3500.jsonl,/workspace/mtpatcher/runs/science/pe_pds_v1/pds9952_retrospective_v1/opd/generations/3500.jsonl,19.681163787841797,19.32086944580078,-0.3602943420410156,49.8931884765625,49.48530197143555,-0.4078865051269531,21.826309204101562,22.261150360107422,0.4348411560058594,52.94575500488281,53.29729461669922,0.35153961181640625,19.45641326904297,19.564239501953125,0.10782623291015625,49.97278594970703,50.12986755371094,0.15708160400390625,16.861764907836914,17.110700607299805,0.24893569946289062,47.07941436767578,47.60700988769531,0.5275955200195312,46.91201400756836,47.86565017700195,0.9536361694335938,70.15534973144531,70.9017105102539,0.7463607788085938
3600,/workspace/mtpatcher/runs/science/pe_pds_v1/pds9952_retrospective_v1/seqkd_native_persistent_v1/generations/3600.jsonl,/workspace/mtpatcher/runs/science/pe_pds_v1/pds9952_retrospective_v1/opd/generations/3600.jsonl,19.549026489257812,19.24935531616211,-0.2996711730957031,49.783992767333984,49.66354751586914,-0.12044525146484375,21.771995544433594,21.922014236450195,0.15001869201660156,52.8307991027832,53.28021240234375,0.4494132995605469,19.38178062438965,19.442049026489258,0.060268402099609375,49.99298095703125,50.23805236816406,0.2450714111328125,16.824321746826172,17.1547794342041,0.3304576873779297,47.3641471862793,47.7703971862793,0.40625,46.885536193847656,48.11697769165039,1.2314414978027344,70.24546813964844,71.11563110351562,0.8701629638671875
3700,/workspace/mtpatcher/runs/science/pe_pds_v1/pds9952_retrospective_v1/seqkd_native_persistent_v1/generations/3700.jsonl,/workspace/mtpatcher/runs/science/pe_pds_v1/pds9952_retrospective_v1/opd/generations/3700.jsonl,19.7301082611084,19.168800354003906,-0.5613079071044922,49.93544387817383,49.40977478027344,-0.5256690979003906,21.785722732543945,22.422388076782227,0.6366653442382812,52.95211410522461,53.19477462768555,0.2426605224609375,19.445470809936523,19.549835205078125,0.10436439514160156,49.989505767822266,50.051963806152344,0.062458038330078125,16.82058334350586,17.058317184448242,0.2377338409423828,47.08095169067383,47.55134963989258,0.47039794921875,47.03721237182617,48.107627868652344,1.0704154968261719,70.37913513183594,70.98869323730469,0.60955810546875
3732,/workspace/mtpatcher/runs/science/pe_pds_v1/pds9952_endpoint_validation_v4/seqkd_step3732/generations/3732.jsonl,/workspace/mtpatcher/runs/science/pe_pds_v1/pds9952_retrospective_v1/opd/generations/3732.jsonl,19.718433380126953,19.167200088500977,-0.5512332916259766,49.854156494140625,49.582759857177734,-0.2713966369628906,21.732694625854492,22.284666061401367,0.551971435546875,52.927032470703125,53.32771682739258,0.4006843566894531,19.427635192871094,19.455373764038086,0.027738571166992188,49.945316314697266,50.097225189208984,0.15190887451171875,16.831775665283203,16.914257049560547,0.08248138427734375,47.05475997924805,47.381202697753906,0.3264427185058594,46.95041275024414,47.8961181640625,0.9457054138183594,70.28634643554688,70.9635238647461,0.6771774291992188
